,LD,Velocity (km/s),a (degrees),$ (degrees),DI
0,1,1.0,-60,0,0.4142
1,4,1.25,90,30,0.43447
2,4,2.15,-30,30,0.84327
3,1,1.5,30,0,0.67618
4,2,2.15,30,45,0.77519
5,4,1.0,-30,0,0.40345
6,1,0.5,60,30,0.13349
7,1,1.5,75,75,0.24906
8,2,0.5,60,15,0.14001
9,2,1.0,-15,30,0.38084
10,1,1.81,-75,45,0.6235
11,1,0.25,-60,75,3e-05
12,1,1.0,90,45,0.32582
13,2,1.25,-15,75,0.0931
14,4,1.0,30,60,0.23709
15,1,2.15,15,0,0.97961
16,1,1.81,90,45,0.62548
17,4,1.81,90,30,0.6594
18,1,0.25,15,75,0.0
19,4,1.25,-30,15,0.49487
20,1,2.15,0,0,1.00639
21,4,0.5,75,15,0.12614
22,1,1.81,60,30,0.72284
23,4,1.81,0,60,0.43498
24,1,1.25,60,75,0.16817
25,4,1.25,-60,60,0.26377
26,2,0.25,75,30,0.01853
27,1,0.25,30,60,0.00129
28,2,1.5,90,0,0.62946
29,4,1.25,60,60,0.36664
30,4,1.81,45,0,0.7856
31,4,1.81,60,60,0.54573
32,1,1.0,-75,15,0.40749
33,1,0.5,-45,45,0.12475
34,4,1.25,45,30,0.5449
35,4,1.5,30,60,0.43263
36,2,0.25,15,75,0.0
37,1,2.15,90,45,0.75091
38,1,1.81,-15,60,0.48952
39,4,2.15,-45,45,0.64115
40,2,1.25,0,75,0.10688
41,1,1.25,30,30,0.50682
42,1,1.25,-30,30,0.49957
43,4,1.5,45,15,0.64101
44,4,2.15,-90,75,0.3028
45,2,1.0,-45,15,0.39565
46,4,1.81,-90,0,0.75207
47,4,1.0,-15,0,0.47372
48,1,0.25,45,30,0.01842
49,4,1.25,30,45,0.47794
50,1,1.5,75,45,0.50937
51,2,2.15,15,75,0.23932
52,2,1.81,60,15,0.77891
53,4,0.25,-75,75,0.00062
54,2,1.5,45,30,0.63784
55,1,2.15,-90,45,0.75091
56,2,2.15,-30,30,0.86107
57,4,1.81,-15,45,0.56594
58,1,1.25,75,45,0.41685
59,2,0.5,-60,15,0.13972
60,4,2.15,15,75,0.19064
61,2,0.5,60,0,0.13661
62,2,0.5,45,0,0.14369
63,1,1.5,60,75,0.22038
64,1,2.15,15,60,0.58563
65,4,0.25,60,30,0.01328
66,4,0.5,-75,45,0.0863
67,4,1.25,90,45,0.39495
68,1,2.15,-60,0,1.02777
69,4,1.25,30,75,0.1109
70,1,0.25,-90,15,0.02278
71,1,1.25,60,60,0.33136
72,1,1.81,-75,30,0.71653
73,1,2.15,-90,60,0.56859
74,2,1.0,-75,75,0.11998
75,1,1.25,15,60,0.33388
76,2,1.81,0,15,0.82359
77,1,2.15,30,0,0.9958
78,2,0.5,45,60,0.0737
79,4,1.81,-75,15,0.73275
80,2,1.0,-75,60,0.23333
81,2,2.15,60,45,0.78182
82,1,0.25,-30,0,0.02607
83,1,1.25,-45,60,0.31678
84,2,1.5,-60,60,0.3676
85,4,1.25,-75,15,0.45329
86,2,1.5,-75,30,0.56902
87,2,0.25,60,60,0.00798
88,2,1.0,0,30,0.39144
89,4,1.25,30,15,0.62548
90,4,1.0,0,15,0.46929
91,4,0.25,15,0,0.02937
92,4,1.5,-60,0,0.59555
93,2,1.81,-15,15,0.82264
94,2,0.5,0,15,0.15796
95,2,1.25,30,30,0.54308
96,1,1.0,-60,60,0.23967
97,4,2.15,-45,60,0.51739
98,2,0.5,-30,75,0.00811
99,1,0.5,-90,30,0.13665
100,1,1.5,15,0,0.66551
101,1,2.15,30,60,0.58031
102,1,1.0,0,60,0.23485
103,4,1.25,75,45,0.40858
104,4,1.25,30,60,0.33207
105,4,0.25,-75,45,0.00637
106,4,2.15,75,60,0.61711
107,1,2.15,60,75,0.31178
108,2,1.25,30,60,0.35085
109,1,1.25,-45,30,0.50846
110,2,2.15,-90,45,0.74793
111,1,2.15,-30,75,0.28517
112,4,1.25,15,30,0.55351
113,1,0.5,-90,45,0.1101
114,2,1.25,-60,45,0.40162
115,1,0.5,0,60,0.07245
116,1,1.25,15,15,0.54329
117,4,1.5,15,75,0.11212
118,1,2.15,45,0,1.02366
119,2,0.25,45,60,0.00306
120,1,1.81,15,45,0.64889
121,4,0.25,30,30,0.02486
122,2,1.25,-30,60,0.28208
123,2,2.15,75,75,0.30702
124,2,1.81,0,30,0.76794
125,1,1.25,-45,15,0.53402
126,4,0.25,-75,30,0.01255
127,1,1.25,-15,60,0.32518
128,1,1.81,-75,60,0.48857
129,2,1.81,15,45,0.65905
130,4,0.5,-90,75,0.00519
131,4,2.15,45,15,0.99809
132,2,1.5,15,15,0.69013
133,4,1.81,-60,60,0.41784
134,4,1.5,-60,60,0.33957
135,1,1.0,30,30,0.39569
136,1,2.15,-15,45,0.76727
137,4,1.5,0,60,0.3243
138,1,0.5,-75,15,0.14875
139,1,1.81,-75,15,0.80994
140,4,1.81,75,15,0.69577
141,4,0.25,45,15,0.02208
142,1,1.0,-30,60,0.24264
143,2,0.5,60,45,0.12459
144,4,1.81,0,0,0.89054
145,2,0.5,30,0,0.14872
146,1,1.5,90,30,0.60418
147,1,0.25,75,15,0.02518
148,1,1.0,-30,0,0.42152
149,1,1.5,15,15,0.65074
150,1,1.25,30,75,0.18204
151,2,1.81,90,30,0.68933
152,2,0.5,-45,0,0.14292
153,1,1.25,0,60,0.32701
154,4,2.15,-60,30,0.83963
155,2,0.5,-15,45,0.1089
156,2,1.81,30,0,0.83304
157,1,1.81,30,75,0.26342
158,4,1.5,-15,75,0.09526
159,1,1.5,-15,0,0.66405
160,4,0.25,15,60,0.00227
161,1,0.5,30,60,0.06525
162,2,1.5,-15,75,0.11752
163,2,0.5,30,15,0.15365
164,2,1.25,0,30,0.52406
165,4,0.25,-75,60,0.00253
166,1,1.5,-90,60,0.40439
167,4,1.5,-75,0,0.58573
168,4,2.15,-60,75,0.23569
169,1,1.25,-45,75,0.10229
170,4,1.25,0,30,0.50655
171,1,1.81,30,0,0.81889
172,1,1.25,-45,0,0.54604
173,2,0.5,75,60,0.0784
174,2,1.81,90,60,0.47779
175,1,1.0,-90,0,0.41578
176,2,1.81,30,45,0.65607
177,1,0.5,75,30,0.13664
178,2,1.81,0,45,0.618
179,2,1.25,-45,0,0.53082
180,4,0.5,45,30,0.13476
181,1,1.5,-45,15,0.6463
182,1,1.25,-15,45,0.43313
183,2,1.0,0,15,0.46258
184,2,1.0,30,30,0.43351
185,2,1.5,-90,60,0.40724
186,1,1.5,-75,45,0.50487
187,2,1.25,-15,0,0.59479
188,2,1.81,-75,15,0.76147
189,4,1.5,-90,0,0.58251
190,4,1.5,60,30,0.58136
191,2,2.15,60,75,0.33566
192,1,1.0,-15,45,0.34655
193,2,0.25,15,30,0.02072
194,1,1.5,15,30,0.60459
195,1,1.0,-15,60,0.23934
196,4,2.15,90,30,0.83957
197,2,0.5,90,0,0.1289
198,4,1.25,90,60,0.2946
199,1,1.25,-15,0,0.55427
200,1,0.5,-15,15,0.14793
201,4,1.81,-30,60,0.39735
202,4,1.5,90,75,0.21983
203,1,1.0,-45,15,0.40526
204,2,1.81,-45,30,0.70239
205,4,1.81,15,15,0.87437
206,4,0.5,15,60,0.03226
207,1,0.25,90,0,0.02489
208,4,0.5,-60,45,0.08253
209,2,0.25,15,0,0.0283
210,4,1.25,-75,30,0.42343
211,2,0.25,-30,60,0.00183
212,2,1.25,60,0,0.51237
213,4,0.5,-30,60,0.0452
214,2,1.25,-45,15,0.51261
215,1,0.5,15,0,0.14917
216,4,2.15,-60,60,0.495
217,4,1.81,-15,75,0.08929
218,1,1.5,-15,30,0.6199
219,4,0.25,-45,45,0.00634
220,2,2.15,-45,45,0.71493
221,2,2.15,-15,60,0.57627
222,2,1.0,-60,30,0.359
223,2,1.25,30,0,0.55258
224,1,0.5,60,45,0.12749
225,1,1.5,-30,45,0.53174
226,2,0.5,75,30,0.13432
227,2,1.25,-30,30,0.46519
228,2,1.5,-30,60,0.35528
229,1,1.5,-30,75,0.20172
230,2,2.15,0,15,1.00895
231,1,1.81,45,60,0.4975
232,1,1.25,75,60,0.32716
233,2,1.25,-15,15,0.55342
234,2,1.81,45,45,0.64315
235,1,0.5,-75,45,0.11034
236,2,2.15,-60,15,0.95891
237,1,0.25,30,45,0.00667
238,1,0.5,45,0,0.14619
239,4,1.0,-75,75,0.09782
240,1,1.0,-75,60,0.23513
241,4,1.25,-45,30,0.42309
242,4,0.25,45,0,0.02196
243,2,0.25,-30,15,0.02666
244,4,1.25,45,60,0.38363
245,4,1.0,15,30,0.43079
246,2,1.81,75,60,0.48321
247,1,0.25,-45,60,0.00103
248,2,0.25,-75,15,0.0197
249,2,1.5,-15,45,0.49915
250,2,0.5,-15,75,0.0154
251,1,1.0,-45,30,0.39125
252,1,1.5,-30,15,0.67019
253,2,0.5,15,15,0.15668
254,1,1.0,0,75,0.12319
255,4,0.5,-90,15,0.11392
256,4,1.5,90,15,0.56189
257,1,1.81,-15,15,0.8059
258,4,0.25,-30,75,7e-05
259,1,1.0,90,15,0.40661
260,4,0.5,-45,45,0.09818
261,4,1.25,60,30,0.47828
262,1,2.15,30,45,0.74881
263,2,1.25,-90,75,0.21055
264,1,0.5,-45,60,0.05995
265,1,1.25,-75,30,0.49358
266,2,0.5,-30,15,0.14494
267,4,0.5,-75,0,0.12494
268,1,1.25,15,45,0.43235
269,4,1.5,-60,15,0.56913
270,4,1.25,-90,15,0.45945
271,1,0.5,0,75,0.01773
272,2,1.5,45,0,0.64912
273,1,0.5,0,0,0.15593
274,2,2.15,-15,15,0.99439
275,2,0.25,90,30,0.01821
276,1,1.0,0,0,0.43333
277,2,1.0,15,0,0.47327
278,4,1.25,-45,0,0.49486
279,4,1.25,-90,60,0.2946
280,1,1.5,-75,75,0.20895
281,4,0.25,75,15,0.01695
282,4,1.0,-30,45,0.25636
283,1,1.0,-60,45,0.32679
284,4,2.15,75,0,0.97645
285,2,1.0,30,45,0.36257
286,2,1.5,-60,75,0.17796
287,2,0.5,0,0,0.17152
288,4,1.5,60,45,0.54897
289,4,1.5,75,15,0.5824
290,2,1.5,30,30,0.64605
291,1,1.0,-90,30,0.38054
292,2,1.25,90,30,0.45242
293,2,1.5,60,60,0.4212
294,1,1.25,0,15,0.54532
295,2,0.5,15,60,0.05006
296,2,2.15,60,15,0.9525
297,2,1.0,75,30,0.37604
298,4,1.25,0,15,0.6184
299,2,1.25,90,75,0.21055
300,4,1.81,45,60,0.523
301,1,0.25,15,0,0.02343
302,2,0.25,0,15,0.02685
303,4,1.25,-60,0,0.47858
304,2,1.0,75,0,0.38717
305,4,1.0,75,45,0.30459
306,2,0.5,75,45,0.11399
307,1,2.15,90,75,0.30161
308,2,2.15,45,60,0.59289
309,2,2.15,-45,0,0.99808
310,1,2.15,-15,15,0.97479
311,4,1.5,75,45,0.49415
312,2,1.0,15,45,0.34642
313,1,2.15,-45,60,0.57638
314,2,2.15,45,0,0.99862
315,1,2.15,-45,75,0.2742
316,1,1.5,-30,0,0.67533
317,2,1.81,-45,60,0.45418
318,1,2.15,75,60,0.58173
319,4,1.25,75,75,0.20575
320,2,1.5,60,75,0.24031
321,4,1.25,90,75,0.19908
322,1,0.25,60,30,0.0207
323,1,1.5,-15,45,0.52031
324,4,0.5,-90,45,0.091
325,1,1.0,0,15,0.41939
326,2,1.81,15,0,0.85536
327,4,0.5,30,0,0.13621
328,2,1.0,60,45,0.35752
329,4,0.5,15,0,0.15244
330,2,1.0,-90,75,0.15229
331,4,1.0,-90,75,0.13955
332,2,1.25,75,60,0.34836
333,1,1.25,0,45,0.42735
334,4,1.25,15,15,0.62857
335,4,1.81,45,15,0.78217
336,4,1.0,-75,60,0.2223
337,2,1.25,15,75,0.11669
338,4,1.81,90,0,0.75207
339,2,0.25,0,30,0.02207
340,1,1.81,-15,30,0.75849
341,4,1.0,75,0,0.35853
342,4,1.81,-75,75,0.25746
343,2,2.15,-30,60,0.54167
344,2,0.25,90,60,0.00649
345,4,1.0,30,75,0.06948
346,2,1.81,60,60,0.49331
347,2,1.81,60,30,0.75257
348,1,2.15,15,75,0.29792
349,2,2.15,90,0,0.93314
350,1,1.5,75,30,0.60184
351,1,0.5,-90,0,0.14974
352,4,1.5,15,45,0.54165
353,4,1.0,-90,15,0.34558
354,4,0.5,-60,75,0.01077
355,1,1.0,30,15,0.42616
356,4,1.81,30,75,0.18586
357,2,1.5,90,30,0.57375
358,1,1.25,-30,0,0.55617
359,1,0.5,-30,0,0.1467
360,1,1.0,30,0,0.41688
361,1,0.25,15,30,0.01829
362,4,1.25,-15,60,0.25753
363,1,1.0,60,15,0.39794
364,2,0.5,15,45,0.11541
365,1,2.15,0,15,0.98294
366,4,1.0,90,0,0.35602
367,2,2.15,90,45,0.74793
368,1,2.15,-15,0,0.98312
369,2,0.25,-90,0,0.02317
370,2,0.25,-30,45,0.00988
371,1,0.25,-75,60,0.00249
372,1,0.25,45,0,0.03002
373,4,1.5,60,0,0.59357
374,2,1.81,75,45,0.61854
375,1,0.5,90,45,0.1101
376,2,0.25,0,45,0.01055
377,1,2.15,-75,30,0.9175
378,2,2.15,-45,60,0.55269
379,1,0.25,-30,45,0.01378
380,1,1.0,15,60,0.23978
381,1,1.5,-90,0,0.67502
382,1,0.5,45,15,0.14581
383,2,1.5,90,45,0.47767
384,1,0.5,60,0,0.14724
385,4,2.15,30,15,1.04654
386,4,0.25,-60,60,0.00227
387,2,2.15,90,60,0.58758
388,4,1.25,15,60,0.27554
389,4,1.25,0,60,0.26889
390,1,1.0,-45,75,0.06227
391,4,1.5,-30,60,0.321
392,1,1.0,-90,75,0.13059
393,2,1.5,-30,0,0.69309
394,4,1.25,-30,45,0.36259
395,1,0.25,-45,75,0.00013
396,1,1.5,-45,30,0.60824
397,1,0.25,-75,15,0.02333
398,2,1.5,30,60,0.42728
399,4,1.0,-60,60,0.21738
400,4,1.0,60,60,0.29574
401,1,1.0,-30,30,0.3836
402,2,0.25,-90,30,0.01821
403,2,1.5,45,75,0.22936
404,1,0.25,-45,15,0.02908
405,2,0.5,-75,0,0.13567
406,2,1.81,0,75,0.18701
407,4,1.0,0,30,0.3768
408,4,0.5,-60,0,0.12953
409,4,0.5,-75,30,0.1099
410,2,1.81,0,45,0.6483
411,4,0.25,45,60,0.00555
412,4,2.15,-15,45,0.72327
413,2,1.25,-75,15,0.48483
414,2,1.0,60,15,0.38768
415,4,1.81,0,15,0.87267
416,2,2.15,-30,45,0.73002
417,4,0.5,0,75,0.00737
418,2,2.15,-75,75,0.3102
419,4,1.81,0,45,0.63278
420,1,2.15,90,60,0.56859
421,1,0.25,-30,30,0.02402
422,4,1.0,75,30,0.32856
423,2,1.5,-75,75,0.23493
424,2,1.25,45,45,0.46251
425,4,1.81,60,30,0.72915
426,4,1.5,-45,15,0.58858
427,2,1.5,-15,15,0.67356
428,4,2.15,60,15,0.93454
429,2,0.5,90,60,0.07121
430,2,1.25,-15,30,0.49217
431,1,0.25,45,60,0.00108
432,4,2.15,-75,60,0.49777
433,1,1.25,-60,60,0.31667
434,2,0.5,0,30,0.14328
435,2,1.25,-90,30,0.45242
436,1,1.5,45,0,0.67802
437,4,1.0,-30,30,0.32212
438,1,1.0,45,75,0.1341
439,1,1.5,-45,0,0.6834
440,1,1.5,30,30,0.60529
441,1,0.25,0,15,0.02575
442,2,2.15,-60,0,0.97253
443,1,0.25,60,0,0.02858
444,1,1.25,90,60,0.32509
445,4,1.25,-15,15,0.52821
446,4,1.25,-30,0,0.54142
447,2,2.15,15,60,0.59787
448,4,0.5,60,30,0.12853
449,2,1.25,45,0,0.52857
450,2,0.5,-30,30,0.13357
451,4,1.81,-15,30,0.70507
452,2,1.0,-90,60,0.24168
453,1,1.81,-60,75,0.21702
454,2,1.0,-15,75,0.08119
455,4,2.15,90,75,0.3028
456,4,2.15,-60,15,0.8999
457,4,1.5,75,75,0.22244
458,4,1.25,-45,45,0.34952
459,2,1.0,15,75,0.09847
460,2,1.25,60,45,0.43875
461,1,1.81,-60,45,0.61211
462,1,0.25,90,75,7e-05
463,4,1.81,90,75,0.25409
464,2,2.15,-45,30,0.86315
465,1,0.25,-60,15,0.02597
466,2,0.25,90,45,0.01109
467,4,1.81,-90,60,0.46432
468,1,1.81,60,15,0.8126
469,1,1.25,90,15,0.52938
470,2,1.0,-60,15,0.38573
471,1,1.0,-90,45,0.32582
472,1,0.5,-90,75,0.02148
473,1,1.81,90,60,0.4866
474,4,2.15,15,45,0.82183
475,2,0.25,45,75,4e-05
476,4,0.5,90,45,0.091
477,4,0.5,90,0,0.11601
478,1,0.5,45,45,0.12566
479,1,1.5,45,15,0.63936
480,1,1.25,-90,60,0.32509
481,4,2.15,45,60,0.63776
482,1,1.25,-60,75,0.12179
483,1,1.0,30,60,0.2418
484,1,0.25,-90,75,7e-05
485,4,1.0,-90,0,0.35602
486,4,1.5,-45,60,0.32037
487,4,1.81,-45,60,0.41443
488,2,0.25,60,75,7e-05
489,2,1.81,15,60,0.49771
490,2,1.5,75,60,0.41948
491,2,1.5,0,0,0.70593
492,4,1.81,-30,45,0.54514
493,1,2.15,75,45,0.74954
494,2,2.15,-75,0,0.9703
495,4,1.25,-15,0,0.62148
496,4,1.5,60,60,0.45146
497,1,0.25,-30,60,0.00256
498,1,1.5,0,0,0.6503
499,2,0.5,-45,15,0.14072
500,2,1.5,-45,15,0.62796
501,2,0.5,-45,30,0.13458
502,1,1.25,60,30,0.49342
503,2,0.25,-75,30,0.01518
504,2,0.5,-90,75,0.02046
505,4,0.5,30,75,0.01008
506,1,1.25,-60,0,0.54772
507,2,1.25,-60,75,0.1325
508,4,1.5,-90,30,0.52555
509,4,0.5,-75,15,0.12081
510,2,1.81,15,30,0.75455
511,2,1.5,0,45,0.51693
512,4,1.5,-45,0,0.61238
513,1,1.25,45,45,0.43178
514,4,1.5,90,45,0.46517
515,2,0.25,-45,15,0.02189
516,1,0.25,45,75,4e-05
517,2,0.25,90,75,0.0
518,4,0.5,0,45,0.08924
519,4,0.25,75,75,3e-05
520,4,1.5,-75,15,0.56629
521,1,1.25,30,45,0.42933
522,1,1.0,45,60,0.24291
523,2,0.5,90,45,0.10805
524,2,1.25,60,15,0.52043
525,4,1.25,-60,75,0.10805
526,1,2.15,-30,0,0.99382
527,4,1.81,-30,0,0.82928
528,4,1.0,60,0,0.36435
529,1,0.5,-30,15,0.14813
530,4,1.0,60,75,0.14273
531,4,1.0,0,75,0.06342
532,4,0.5,30,60,0.04223
533,1,1.5,-30,30,0.60716
534,1,1.81,60,60,0.4872
535,2,1.5,-15,0,0.70898
536,2,1.0,60,30,0.38034
537,2,2.15,-45,75,0.21989
538,2,2.15,-30,75,0.16817
539,2,2.15,15,30,0.92154
540,4,1.5,75,60,0.40157
541,1,1.0,90,30,0.38054
542,4,1.25,-15,75,0.096
543,1,0.25,0,0,0.02408
544,4,1.5,0,75,0.10933
545,2,1.25,90,0,0.50058
546,2,1.25,-30,75,0.09409
547,4,1.0,-75,15,0.34954
548,1,2.15,-45,45,0.76518
549,4,1.25,-90,30,0.43447
550,1,1.81,75,75,0.27854
551,2,0.25,75,45,0.01242
552,2,2.15,0,30,0.94688
553,1,1.25,-90,30,0.49316
554,1,0.25,15,15,0.02119
555,2,1.81,-30,60,0.46084
556,4,0.25,75,45,0.00693
557,4,1.5,-75,75,0.22072
558,2,1.5,15,45,0.53916
559,2,0.5,-60,30,0.13058
560,4,1.0,-60,30,0.30995
561,2,1.81,-60,75,0.23859
562,1,1.5,15,60,0.40734
563,1,1.81,45,0,0.82083
564,2,0.25,-15,60,0.00463
565,2,1.5,60,0,0.62842
566,1,2.15,75,0,0.98692
567,2,1.81,-30,45,0.60718
568,2,0.5,-75,45,0.10412
569,4,0.5,-15,15,0.13456
570,2,1.0,-30,45,0.2988
571,2,1.5,90,15,0.62575
572,4,1.0,-75,30,0.30932
573,2,1.0,-30,30,0.36993
574,2,1.5,-30,45,0.47941
575,2,1.5,-15,30,0.61359
576,1,0.25,90,45,0.01259
577,1,0.5,-90,15,0.15189
578,2,1.0,30,15,0.45234
579,1,1.5,45,60,0.40529
580,4,1.25,-90,45,0.39495
581,4,1.0,15,15,0.49943
582,2,2.15,-15,45,0.76215
583,4,1.25,-75,45,0.37314
584,4,2.15,15,30,0.95881
585,4,1.81,-45,45,0.5492
586,1,1.5,-75,15,0.65017
587,2,1.5,60,45,0.54498
588,1,1.5,60,15,0.66178
589,1,1.0,60,0,0.40935
590,2,2.15,90,30,0.85507
591,1,0.25,-75,0,0.02708
592,2,0.25,-90,75,0.0
593,4,1.0,45,60,0.26303
594,1,2.15,-90,30,0.92972
595,1,1.5,60,0,0.67384
596,1,1.0,-30,45,0.33389
597,1,1.5,-60,60,0.38315
598,1,0.5,45,75,0.02062
599,1,2.15,-45,15,1.00055
600,1,0.5,30,15,0.14855
601,1,1.0,45,30,0.39552
602,2,1.25,-90,60,0.32192
603,4,1.0,-15,75,0.05885
604,2,1.5,-30,30,0.59144
605,1,1.5,90,75,0.22893
606,1,0.25,-75,75,0.0
607,4,0.5,15,15,0.17218
608,1,0.5,-75,75,0.01884
609,4,0.25,0,45,0.00769
610,4,1.81,30,15,0.87511
611,2,1.0,-30,60,0.23299
612,2,1.81,-90,30,0.68933
613,1,0.25,90,60,0.0058
614,4,0.25,15,30,0.01911
615,1,1.81,15,75,0.25424
616,2,1.5,15,60,0.40216
617,2,1.0,-15,60,0.22775
618,2,1.0,15,60,0.2409
619,2,1.81,90,15,0.7608
620,1,0.5,-30,75,0.00761
621,4,0.5,75,0,0.12478
622,4,0.5,-90,60,0.05142
623,2,1.0,-75,45,0.28955
624,1,1.25,60,45,0.4245
625,2,0.5,-60,45,0.10495
626,1,1.25,30,60,0.33487
627,1,2.15,75,30,0.91151
628,1,2.15,45,60,0.58455
629,1,1.0,-75,75,0.12154
630,1,1.0,15,15,0.42213
631,2,1.5,-90,45,0.47767
632,1,2.15,0,45,0.77941
633,2,1.81,15,75,0.20369
634,1,1.0,15,45,0.33683
635,4,1.81,-90,75,0.25409
636,4,0.5,90,60,0.05142
637,1,1.25,-75,60,0.31019
638,4,2.15,-15,60,0.50675
639,2,1.25,90,15,0.49666
640,1,1.0,45,15,0.40425
641,1,0.5,-60,60,0.05167
642,4,0.25,-90,75,0.0
643,4,1.0,75,60,0.2303
644,1,0.5,-30,60,0.07431
645,2,1.0,-15,15,0.4227
646,4,0.25,75,60,0.00234
647,4,0.5,-90,0,0.11601
648,1,1.81,-15,45,0.64451
649,1,2.15,45,30,0.90294
650,1,0.5,30,75,0.02286
651,2,1.5,-90,15,0.62575
652,2,1.81,-15,0,0.85261
653,1,0.25,-90,0,0.02489
654,4,1.25,45,45,0.49544
655,2,1.0,-15,45,0.32568
656,2,0.5,-75,75,0.01416
657,4,1.5,-30,45,0.45805
658,2,2.15,75,45,0.7497
659,4,0.5,75,75,0.01108
660,2,2.15,90,75,0.31657
661,2,0.25,-60,0,0.02281
662,2,1.0,-90,0,0.39596
663,2,1.25,30,15,0.57173
664,4,0.25,0,15,0.02688
665,4,1.81,-15,60,0.40596
666,2,1.81,-15,30,0.73667
667,4,2.15,30,0,1.04027
668,2,1.25,-45,30,0.4599
669,2,1.5,90,60,0.40724
670,1,1.81,75,0,0.81916
671,1,1.25,15,30,0.51259
672,1,0.5,60,60,0.07401
673,2,2.15,0,60,0.58282
674,2,0.5,-15,60,0.06292
675,2,0.25,30,30,0.0193
676,1,0.5,-75,30,0.13732
677,2,1.0,90,0,0.39596
678,4,0.25,90,75,0.0
679,2,2.15,-90,60,0.58758
680,1,0.25,60,15,0.02687
681,4,2.15,15,0,1.103
682,4,1.25,-90,75,0.19908
683,1,2.15,90,30,0.92972
684,1,0.25,-15,0,0.02401
685,2,0.5,0,75,0.01698
686,2,1.5,45,45,0.55209
687,2,1.5,-60,30,0.56743
688,4,1.25,-45,60,0.28621
689,1,1.0,-15,0,0.43927
690,4,1.25,-75,60,0.27739
691,2,0.25,-90,45,0.01109
692,2,0.25,45,30,0.02272
693,2,0.25,-75,60,0.00307
694,4,1.25,-90,0,0.45403
695,4,0.25,90,0,0.01896
696,2,1.25,15,15,0.58029
697,1,0.5,15,30,0.13818
698,4,0.25,0,0,0.03437
699,2,1.81,45,60,0.49854
700,4,1.0,-45,75,0.07352
701,4,1.81,-75,60,0.42519
702,1,1.81,0,60,0.49161
703,4,2.15,-75,45,0.68852
704,4,1.25,-30,60,0.26697
705,4,0.5,-15,0,0.1488
706,1,0.5,90,75,0.02148
707,2,1.0,-15,0,0.46618
708,4,1.81,-60,75,0.22289
709,2,2.15,30,30,0.91315
710,4,2.15,-75,75,0.33149
711,1,1.5,60,60,0.4034
712,1,2.15,45,75,0.30037
713,2,0.5,-90,45,0.10805
714,1,2.15,60,45,0.76922
715,1,0.25,60,45,0.0131
716,2,1.25,0,0,0.60334
717,2,1.25,-90,15,0.49666
718,2,1.0,45,75,0.12721
719,2,0.25,75,15,0.0225
720,1,1.81,45,15,0.79565
721,2,1.25,15,45,0.44034
722,2,0.25,-15,45,0.01059
723,2,1.5,-60,15,0.61703
724,1,1.25,0,30,0.5065
725,1,2.15,45,45,0.75682
726,1,0.5,-15,60,0.06996
727,2,1.25,-15,45,0.42151
728,4,1.5,45,30,0.66183
729,4,1.0,-15,30,0.35006
730,4,2.15,-90,60,0.54222
731,4,1.0,45,45,0.3962
732,1,1.5,30,75,0.22269
733,1,0.25,0,30,0.02094
734,4,1.25,90,15,0.45945
735,4,1.0,0,0,0.51507
736,1,0.25,-15,45,0.01423
737,1,1.81,-45,75,0.22669
738,2,1.5,-45,75,0.14185
739,4,1.5,30,75,0.16336
740,1,1.25,-90,0,0.54926
741,1,1.81,90,0,0.81403
742,4,1.25,-60,45,0.35767
743,4,0.5,-45,30,0.12387
744,2,0.25,0,60,0.00475
745,2,1.0,-75,30,0.35449
746,2,2.15,45,15,0.99869
747,4,0.5,-45,15,0.13447
748,1,1.0,-45,45,0.33279
749,2,1.81,-75,0,0.76857
750,1,1.0,75,0,0.41651
751,4,1.5,45,60,0.43815
752,1,1.5,-90,45,0.50248
753,1,1.0,-75,30,0.38037
754,1,1.25,-30,15,0.5304
755,1,1.81,30,45,0.6207
756,4,0.25,30,15,0.02811
757,4,1.0,30,30,0.46441
758,4,1.25,-30,30,0.43712
759,4,1.5,0,30,0.62702
760,4,1.81,-60,45,0.54199
761,1,1.0,-30,75,0.07146
762,1,1.25,-60,15,0.54238
763,1,2.15,-60,75,0.2783
764,1,0.5,-15,0,0.14988
765,4,1.0,-60,15,0.34555
766,4,1.25,75,60,0.34951
767,2,1.25,90,45,0.40437
768,2,1.0,-30,75,0.07208
769,4,2.15,-75,0,0.97138
770,4,1.5,-15,15,0.66084
771,2,1.0,30,0,0.42518
772,1,1.25,-30,75,0.13361
773,2,0.5,-75,15,0.13609
774,4,0.5,60,60,0.07246
775,4,1.25,75,30,0.44225
776,2,1.25,-90,45,0.40437
777,2,1.5,-90,30,0.57375
778,1,0.5,75,45,0.11822
779,4,1.0,-30,75,0.07286
780,4,1.5,-60,30,0.50469
781,4,2.15,30,30,0.94346
782,2,0.5,30,75,0.01457
783,4,0.25,-90,45,0.00766
784,2,1.5,-45,30,0.56969
785,2,1.0,0,60,0.23683
786,2,1.25,75,45,0.41963
787,2,1.0,45,60,0.25814
788,2,1.5,45,60,0.428
789,1,2.15,15,15,0.98169
790,1,0.5,-45,15,0.14571
791,1,1.5,-75,30,0.60079
792,2,2.15,-30,0,1.022
793,2,1.0,45,15,0.41014
794,4,1.25,0,45,0.40005
795,1,1.81,-90,60,0.4866
796,4,1.0,-30,15,0.38059
797,2,1.81,45,0,0.8153
798,2,0.5,90,75,0.02046
799,4,2.15,0,0,1.05821
800,2,1.81,30,75,0.22261
801,4,1.81,-30,15,0.77588
802,4,1.81,-30,30,0.68126
803,4,0.25,30,75,0.0
804,1,0.25,0,45,0.01424
805,4,1.81,-75,45,0.54201
806,2,1.0,90,75,0.15229
807,4,0.5,-90,30,0.10755
808,2,1.81,-60,45,0.58674
809,2,1.81,-60,60,0.44708
810,1,1.0,90,60,0.23942
811,1,1.5,30,45,0.51171
812,1,1.81,-90,45,0.62548
813,1,1.0,-15,30,0.39006
814,4,1.81,-60,15,0.70397
815,2,0.25,-15,75,0.00066
816,4,2.15,0,45,0.77948
817,4,1.5,-90,15,0.56189
818,1,0.25,-15,60,0.00691
819,1,1.0,-75,0,0.41845
820,1,1.81,-45,0,0.83214
821,2,0.5,75,0,0.13428
822,4,2.15,45,30,0.94853
823,1,1.25,-15,15,0.54159
824,2,2.15,90,15,0.92311
825,2,1.25,-75,30,0.45097
826,2,1.0,30,60,0.23974
827,4,1.0,-45,60,0.23152
828,2,0.5,60,60,0.08909
829,4,1.81,60,75,0.29694
830,1,0.5,60,15,0.14494
831,2,1.81,90,75,0.26807
832,4,1.5,90,60,0.39095
833,1,2.15,-15,30,0.94243
834,1,1.25,-75,15,0.5331
835,2,1.81,-45,15,0.78106
836,4,0.25,-30,60,0.00268
837,4,0.25,-60,0,0.01962
838,2,1.25,30,45,0.4474
839,4,1.81,90,60,0.46432
840,1,0.25,-15,30,0.02206
841,1,1.5,-45,60,0.38942
842,2,1.81,-90,45,0.60855
843,1,0.5,-15,45,0.11901
844,2,1.5,-45,60,0.36915
845,4,0.25,-90,0,0.01896
846,1,2.15,75,75,0.33099
847,2,1.81,-45,45,0.58831
848,1,1.5,15,75,0.21546
849,2,2.15,-60,75,0.28603
850,2,1.5,-60,0,0.62572
851,1,0.25,45,15,0.02641
852,1,1.5,30,60,0.42092
853,1,1.25,75,15,0.53368
854,2,1.25,-75,0,0.52097
855,4,0.5,15,75,0.00668
856,2,1.0,-45,30,0.367
857,4,1.0,-45,30,0.30764
858,2,1.0,0,0,0.46091
859,1,1.0,60,45,0.34854
860,1,0.25,75,75,0.00047
861,1,1.0,15,0,0.43667
862,4,2.15,-15,75,0.11549
863,4,1.5,30,30,0.67824
864,2,1.81,-60,15,0.75513
865,1,1.0,-60,75,0.09494
866,4,1.81,-45,30,0.65401
867,4,0.5,-30,75,0.00869
868,1,1.81,-90,15,0.80716
869,1,0.5,-45,30,0.14796
870,1,0.5,-60,0,0.14812
871,4,2.15,-15,0,1.09289
872,2,1.5,30,0,0.68517
873,1,0.5,90,30,0.13665
874,1,2.15,-45,30,0.90944
875,4,2.15,0,30,0.9542
876,4,0.5,30,15,0.14652
877,2,1.0,60,75,0.11976
878,2,1.81,-45,0,0.80996
879,4,0.5,-45,0,0.13362
880,2,1.25,-60,60,0.2893
881,2,1.0,15,15,0.46186
882,4,2.15,-15,30,0.89077
883,1,1.81,30,15,0.80338
884,1,0.25,-45,30,0.0193
885,4,1.0,-90,45,0.26757
886,2,1.0,90,30,0.36276
887,4,1.0,-90,30,0.3206
888,2,1.25,-15,60,0.28415
889,4,1.81,-90,15,0.71745
890,1,1.81,-90,75,0.26855
891,2,1.81,75,15,0.76471
892,4,2.15,-30,0,1.0472
893,4,1.81,-15,15,0.82021
894,4,1.0,-45,15,0.35881
895,1,1.81,30,60,0.4973
896,2,0.5,-60,60,0.05419
897,2,1.81,-30,30,0.71577
898,4,1.0,45,30,0.41943
899,2,1.81,-45,75,0.1859
900,1,0.25,-30,15,0.02809
901,2,0.5,-90,15,0.13174
902,1,1.0,-45,0,0.40913
903,4,0.25,-60,30,0.01271
904,4,1.5,90,30,0.52555
905,4,1.25,-15,45,0.37397
906,1,2.15,75,15,0.98681
907,2,0.5,0,60,0.06441
908,1,1.81,0,30,0.73174
909,1,2.15,-75,45,0.76076
910,4,1.25,60,45,0.45249
911,1,0.5,75,0,0.15017
912,1,0.25,30,0,0.02718
913,4,1.25,75,15,0.46395
914,4,0.25,60,75,3e-05
915,2,1.25,-75,75,0.1843
916,2,0.25,-60,75,0.0
917,4,1.0,75,75,0.1612
918,4,2.15,45,45,0.80265
919,1,1.5,15,45,0.52643
920,2,1.81,-30,75,0.1351
921,1,1.0,60,75,0.12245
922,4,0.25,-45,75,5e-05
923,4,1.81,90,15,0.71745
924,2,0.5,-75,60,0.05972
925,4,1.81,45,45,0.69254
926,1,0.25,90,15,0.02278
927,1,1.81,-45,60,0.46716
928,2,1.81,-15,75,0.16049
929,2,0.25,-75,0,0.0225
930,2,1.0,45,30,0.41111
931,1,1.0,-15,75,0.10434
932,4,0.5,-15,75,0.00531
933,4,0.5,45,15,0.13772
934,1,1.81,90,75,0.26855
935,2,0.25,-15,0,0.02966
936,2,0.25,45,15,0.02383
937,1,0.5,45,30,0.14521
938,4,1.81,60,45,0.66422
939,4,1.81,75,75,0.28974
940,2,1.81,75,30,0.70523
941,4,1.81,45,75,0.26479
942,4,2.15,-45,30,0.81578
943,4,0.25,30,60,0.00292
944,4,0.5,90,15,0.11392
945,2,1.5,-90,75,0.2365
946,1,2.15,-30,30,0.92386
947,1,2.15,-15,60,0.59402
948,4,1.81,15,0,0.89461
949,2,1.5,-30,75,0.11485
950,4,2.15,-90,45,0.72227
951,4,1.81,90,45,0.5801
952,4,0.5,60,15,0.13417
953,1,1.25,-90,45,0.41133
954,1,0.5,-60,30,0.14469
955,2,1.25,-60,30,0.44896
956,2,0.5,0,45,0.11147
957,1,0.5,45,60,0.06896
958,1,1.5,-60,75,0.15333
959,1,2.15,0,75,0.28686
960,4,2.15,60,30,0.88845
961,1,1.0,90,0,0.41578
962,4,1.81,30,60,0.52632
963,2,0.25,75,60,0.00727
964,4,1.0,-45,45,0.26765
965,4,0.5,-45,75,0.00932
966,4,1.0,75,15,0.35031
967,4,1.81,30,30,0.79988
968,1,1.5,90,15,0.6485
969,4,0.5,-60,30,0.11495
970,1,0.25,-60,45,0.00753
971,4,2.15,90,45,0.72227
972,4,2.15,15,60,0.59692
973,1,0.5,0,30,0.13666
974,1,1.0,-15,15,0.41099
975,2,2.15,15,0,1.02329
976,1,0.25,75,0,0.02897
977,4,1.25,-45,15,0.45928
978,1,1.5,-30,60,0.3966
979,4,1.81,-30,75,0.08489
980,4,0.25,90,15,0.01763
981,1,1.81,-30,30,0.75082
982,2,2.15,45,30,0.91418
983,1,1.25,-30,45,0.4265
984,2,1.25,15,60,0.31303
985,4,1.0,15,0,0.4644
986,4,1.25,-60,15,0.45276
987,1,1.0,75,75,0.12676
988,1,0.25,0,75,0.0
989,2,0.25,-90,60,0.00649
990,2,0.25,-45,60,0.00081
991,2,1.5,30,15,0.70332
992,4,0.25,0,30,0.0156
993,2,1.5,60,15,0.6239
994,2,1.5,0,30,0.62175
995,4,1.5,-90,60,0.39095
996,2,0.25,30,15,0.02774
997,4,0.25,-15,45,0.00922
998,1,1.25,0,0,0.55252
999,2,2.15,-75,60,0.54184
1000,2,0.5,-15,0,0.15415
1001,4,0.25,-45,15,0.01938
1002,4,0.5,-45,60,0.04217
1003,4,0.25,30,0,0.02589
1004,1,2.15,0,60,0.57935
1005,4,2.15,-30,60,0.49097
1006,4,1.0,30,0,0.40332
1007,1,0.25,-90,30,0.02086
1008,2,0.25,90,15,0.02181
1009,4,0.25,-60,45,0.00556
1010,2,1.25,75,30,0.47539
1011,2,0.25,-60,45,0.00605
1012,4,1.5,-45,45,0.45159
1013,1,1.25,15,75,0.17855
1014,4,2.15,90,0,0.9759
1015,4,2.15,-60,0,0.93886
1016,2,1.25,90,60,0.32192
1017,1,0.5,15,15,0.15035
1018,4,0.5,75,30,0.11814
1019,1,1.81,-90,0,0.81403
1020,1,1.81,-30,75,0.25169
1021,1,1.25,90,45,0.41133
1022,2,2.15,0,0,1.0276
1023,2,1.5,-75,15,0.62421
1024,4,1.0,-75,0,0.36056
1025,2,1.0,-60,75,0.08852
1026,1,1.5,-60,15,0.64806
1027,4,1.5,0,45,0.48852
1028,4,1.0,90,15,0.34558
1029,1,1.25,-75,75,0.1659
1030,1,1.0,60,60,0.2494
1031,2,1.0,-75,15,0.37477
1032,1,1.25,30,15,0.54349
1033,2,1.81,60,0,0.78605
1034,4,0.5,45,45,0.12761
1035,4,1.5,-15,30,0.57187
1036,1,1.5,-90,30,0.60418
1037,4,0.5,30,45,0.09894
1038,2,0.5,75,75,0.02015
1039,2,1.25,-60,15,0.48803
1040,2,2.15,-15,30,0.91287
1041,2,1.81,-90,15,0.7608
1042,4,1.81,-90,45,0.5801
1043,1,2.15,-30,15,1.00292
1044,2,0.25,30,60,0.00323
1045,1,2.15,-75,60,0.56516
1046,1,0.25,-60,30,0.01625
1047,1,0.5,-45,75,0.00113
1048,2,1.0,15,30,0.41522
1049,1,1.0,75,45,0.33908
1050,2,1.25,60,75,0.20085
1051,2,1.25,45,15,0.54107
1052,1,1.0,0,30,0.38735
1053,1,1.81,-60,60,0.47825
1054,2,2.15,75,60,0.59224
1055,2,2.15,-90,15,0.92311
1056,2,1.5,75,75,0.25749
1057,4,1.25,60,15,0.48146
1058,4,1.25,-60,30,0.42059
1059,1,0.25,30,30,0.01515
1060,1,1.5,90,60,0.40439
1061,4,0.5,60,75,0.00789
1062,1,1.25,-60,30,0.48547
1063,4,0.25,-15,30,0.01748
1064,1,1.81,45,30,0.73346
1065,4,1.81,60,15,0.7428
1066,2,2.15,-60,45,0.74105
1067,2,2.15,-75,15,0.9732
1068,2,1.5,-75,45,0.47628
1069,1,1.5,-15,60,0.39735
1070,1,0.5,-15,30,0.14084
1071,2,1.81,-30,0,0.83628
1072,4,0.5,60,0,0.13026
1073,2,1.5,30,75,0.19113
1074,2,1.5,0,15,0.70347
1075,4,0.5,0,30,0.12051
1076,4,1.5,-75,45,0.46662
1077,1,1.5,-75,60,0.39988
1078,2,0.5,90,15,0.13174
1079,2,1.0,-30,15,0.40299
1080,4,1.0,-45,0,0.37795
1081,4,2.15,15,15,1.02985
1082,4,1.5,-75,30,0.51306
1083,2,0.25,60,15,0.02218
1084,4,0.5,75,60,0.0558
1085,4,2.15,-30,75,0.10521
1086,2,0.25,30,75,1e-05
1087,2,0.25,60,0,0.02331
1088,4,0.5,45,75,0.01683
1089,2,1.5,75,0,0.62541
1090,2,1.81,60,45,0.64674
1091,2,0.5,-60,0,0.13926
1092,1,1.81,-75,75,0.25059
1093,4,0.25,-75,15,0.01707
1094,1,2.15,60,30,0.89185
1095,2,2.15,60,0,0.97414
1096,4,1.0,0,45,0.28365
1097,1,1.25,0,75,0.18408
1098,1,1.0,60,30,0.3846
1099,1,0.25,75,30,0.02229
1100,4,0.25,0,75,4e-05
1101,2,2.15,15,15,1.00031
1102,2,2.15,75,15,0.94838
1103,4,1.5,-60,45,0.43872
1104,2,0.5,60,75,0.0234
1105,4,0.25,45,75,2e-05
1106,4,1.81,45,30,0.78544
1107,1,1.5,45,75,0.20665
1108,4,1.81,15,75,0.15767
1109,1,0.25,-75,45,0.01039
1110,2,1.5,-60,45,0.48289
1111,2,1.5,0,75,0.142
1112,4,2.15,45,0,0.97753
1113,2,0.25,-75,75,0.0
1114,2,2.15,15,45,0.79857
1115,2,2.15,30,75,0.26224
1116,1,1.0,-75,45,0.32161
1117,2,0.25,45,45,0.01138
1118,2,0.5,-90,30,0.12635
1119,4,1.25,45,15,0.525
1120,2,1.0,60,0,0.392
1121,4,2.15,0,15,1.05718
1122,1,1.0,15,75,0.13732
1123,4,2.15,60,45,0.79759
1124,1,1.0,-90,60,0.23942
1125,2,1.0,90,15,0.38718
1126,4,1.0,-60,45,0.26298
1127,4,0.5,-15,30,0.12415
1128,2,0.5,-45,60,0.05186
1129,1,1.81,-45,30,0.72731
1130,1,0.5,-60,45,0.1167
1131,1,1.25,-60,45,0.42018
1132,4,1.25,75,0,0.4795
1133,4,0.25,75,30,0.01235
1134,4,0.25,-30,15,0.02288
1135,4,1.5,45,0,0.61382
1136,4,0.5,0,60,0.03756
1137,4,1.0,45,75,0.10926
1138,2,2.15,75,0,0.96814
1139,1,1.81,-15,0,0.81818
1140,1,0.25,45,45,0.00761
1141,1,0.25,-15,15,0.02579
1142,1,1.25,90,30,0.49316
1143,1,2.15,60,15,0.99531
1144,4,1.5,-75,60,0.35454
1145,1,1.0,-45,60,0.2426
1146,2,1.0,75,60,0.24026
1147,1,1.25,60,0,0.54668
1148,1,0.5,15,45,0.10998
1149,2,1.81,30,30,0.75267
1150,4,0.25,90,45,0.00766
1151,1,1.81,60,0,0.82334
1152,2,1.0,-60,60,0.2333
1153,1,1.25,-15,75,0.17798
1154,4,0.25,45,45,0.01252
1155,4,2.15,75,45,0.73982
1156,1,0.5,90,0,0.14974
1157,1,1.25,-75,0,0.54589
1158,2,2.15,-75,45,0.74177
1159,4,0.5,-30,0,0.13931
1160,4,1.0,90,45,0.26757
1161,2,1.25,-45,75,0.10232
1162,1,0.5,0,45,0.1108
1163,2,0.25,-30,30,0.01876
1164,1,0.5,30,30,0.14383
1165,1,1.25,45,15,0.53521
1166,4,2.15,90,15,0.92741
1167,2,1.81,90,0,0.78483
1168,4,0.5,15,30,0.11706
1169,4,0.25,60,60,0.00434
1170,1,2.15,-75,15,0.99298
1171,2,1.5,15,0,0.7218
1172,2,1.25,-60,0,0.51005
1173,4,0.25,-60,75,0.00017
1174,1,2.15,60,0,1.02322
1175,1,1.25,-15,30,0.51169
1176,4,2.15,60,75,0.36083
1177,4,2.15,-45,0,0.97249
1178,1,1.5,90,0,0.67502
1179,2,1.0,-90,45,0.31553
1180,2,1.0,-45,60,0.23888
1181,4,1.5,15,0,0.76062
1182,2,1.0,-45,0,0.40221
1183,4,1.81,75,60,0.51397
1184,1,1.81,15,0,0.81232
1185,2,1.81,-90,75,0.26807
1186,1,1.0,-60,15,0.4107
1187,1,1.0,30,75,0.14348
1188,1,1.0,90,75,0.13059
1189,2,0.5,-45,75,0.00872
1190,2,0.25,15,60,0.0032
1191,2,1.0,-30,0,0.43205
1192,1,1.0,15,30,0.39139
1193,4,1.0,-15,45,0.2626
1194,4,2.15,30,60,0.65662
1195,2,0.25,-45,75,6e-05
1196,1,0.5,15,60,0.06717
1197,2,1.5,0,60,0.36493
1198,4,0.25,-15,60,0.00288
1199,1,0.5,-75,60,0.06031
1200,1,1.25,-90,75,0.18942
1201,4,1.0,-15,60,0.18744
1202,4,1.25,30,0,0.53585
1203,4,0.25,75,0,0.01928
1204,2,2.15,30,15,0.99735
1205,4,1.5,-90,45,0.46517
1206,4,1.81,15,30,0.80771
1207,4,1.0,-60,0,0.36357
1208,4,0.5,0,15,0.1399
1209,4,1.0,-75,45,0.26473
1210,4,2.15,-30,15,0.98048
1211,1,1.81,-45,15,0.81011
1212,2,1.25,0,45,0.43149
1213,1,0.5,-45,0,0.14839
1214,4,1.0,60,30,0.35894
1215,1,0.5,75,60,0.07588
1216,1,0.25,-45,0,0.0284
1217,2,1.81,0,60,0.46632
1218,2,2.15,-60,60,0.53598
1219,4,1.81,-60,30,0.647
1220,2,0.5,30,60,0.06227
1221,4,0.25,-90,15,0.01763
1222,1,0.5,30,0,0.14867
1223,2,1.5,-75,60,0.37829
1224,2,0.5,-15,15,0.15124
1225,2,1.25,-45,45,0.40862
1226,1,2.15,30,30,0.8945
1227,4,0.25,30,45,0.01023
1228,4,2.15,0,60,0.53413
1229,4,0.25,-45,0,0.02226
1230,4,0.5,-75,75,0.0085
1231,2,1.0,45,45,0.35986
1232,4,0.5,75,45,0.10544
1233,1,2.15,-60,60,0.57057
1234,2,1.5,0,60,0.381
1235,4,2.15,30,45,0.80903
1236,2,1.5,75,30,0.59123
1237,4,1.25,15,75,0.09714
1238,2,2.15,60,30,0.90786
1239,1,1.81,90,30,0.72338
1240,1,0.25,-60,0,0.02881
1241,1,0.5,-60,15,0.15048
1242,1,0.25,90,30,0.02086
1243,2,1.25,75,15,0.49691
1244,2,0.5,45,45,0.12889
1245,2,1.25,-90,0,0.50058
1246,2,0.5,45,30,0.1405
1247,1,1.25,90,0,0.54926
1248,1,0.5,15,75,0.01801
1249,2,2.15,45,75,0.31111
1250,4,0.25,60,15,0.01774
1251,2,1.81,90,45,0.60855
1252,2,1.81,30,15,0.83159
1253,4,0.5,-30,45,0.09885
1254,4,1.5,-15,45,0.44728
1255,2,0.25,30,0,0.02845
1256,2,1.81,0,0,0.85498
1257,1,1.0,0,45,0.33947
1258,4,0.25,15,45,0.00641
1259,1,1.81,75,60,0.48708
1260,4,2.15,75,30,0.84202
1261,4,1.0,15,75,0.07343
1262,1,1.81,30,30,0.7193
1263,1,0.25,30,15,0.02341
1264,4,1.25,30,30,0.58341
1265,2,0.5,60,30,0.13789
1266,2,0.25,15,15,0.0284
1267,1,0.25,-15,75,0.0012
1268,2,1.5,-75,0,0.62968
1269,1,1.0,-60,30,0.38884
1270,1,2.15,15,30,0.89762
1271,2,1.81,30,60,0.50577
1272,4,0.5,90,30,0.10755
1273,1,1.81,-60,0,0.83122
1274,1,1.5,90,45,0.50248
1275,2,1.81,-75,30,0.70545
1276,1,1.0,75,60,0.23932
1277,2,1.0,90,45,0.31553
1278,4,1.25,-15,30,0.45302
1279,1,1.81,-45,45,0.62345
1280,2,1.81,-60,0,0.78396
1281,4,1.25,60,0,0.47774
1282,2,2.15,60,60,0.58917
1283,2,1.81,45,75,0.26517
1284,4,1.5,60,15,0.5885
1285,4,1.5,-30,0,0.66837
1286,4,0.5,0,0,0.18887
1287,2,1.81,45,30,0.7649
1288,2,0.5,-60,75,0.01336
1289,4,1.81,75,0,0.73958
1290,1,1.81,60,75,0.25872
1291,1,1.0,45,0,0.40744
1292,1,1.5,30,15,0.64535
1293,1,1.5,0,60,0.40422
1294,1,1.25,-90,15,0.52938
1295,4,1.5,-15,60,0.31179
1296,1,1.25,75,0,0.54824
1297,4,1.5,15,60,0.36464
1298,4,1.81,15,60,0.47478
1299,4,1.0,30,45,0.34872
1300,1,1.5,-60,30,0.60601
1301,2,2.15,75,30,0.88983
1302,1,0.25,75,45,0.01477
1303,2,0.5,90,30,0.12635
1304,4,0.25,-30,45,0.00851
1305,4,1.5,-15,0,0.75219
1306,4,2.15,-75,30,0.85226
1307,2,0.25,-90,15,0.02181
